,active,createdDate,lastLogin,role,signUpSource,state,userId
0,True,2021-01-03 15:24:04.800,2021-01-03 15:25:37.858,consumer,Email,WI,5ff1e194b6a9d73a3a9f1052
1,True,2021-01-03 15:24:04.800,2021-01-03 15:25:37.858,consumer,Email,WI,5ff1e194b6a9d73a3a9f1052
2,True,2021-01-03 15:24:04.800,2021-01-03 15:25:37.858,consumer,Email,WI,5ff1e194b6a9d73a3a9f1052
3,True,2021-01-03 15:25:30.554,2021-01-03 15:25:30.597,consumer,Email,WI,5ff1e1eacfcf6c399c274ae6
4,True,2021-01-03 15:24:04.800,2021-01-03 15:25:37.858,consumer,Email,WI,5ff1e194b6a9d73a3a9f1052
5,True,2021-01-03 15:24:04.800,2021-01-03 15:25:37.858,consumer,Email,WI,5ff1e194b6a9d73a3a9f1052
6,True,2021-01-03 15:25:28.354,2021-01-03 15:25:28.392,consumer,Email,WI,5ff1e1e8cfcf6c399c274ad9
7,True,2021-01-03 15:24:39.626,2021-01-03 15:24:39.665,consumer,Email,WI,5ff1e1b7cfcf6c399c274a5a
8,True,2021-01-03 15:24:04.800,2021-01-03 15:25:37.858,consumer,Email,WI,5ff1e194b6a9d73a3a9f1052
9,True,2021-01-03 15:25:37.564,2021-01-03 15:25:37.599,consumer,Email,WI,5ff1e1f1cfcf6c399c274b0b
10,True,2021-01-03 15:24:04.800,2021-01-03 15:25:37.858,consumer,Email,WI,5ff1e194b6a9d73a3a9f1052
11,True,2021-01-03 15:25:30.554,2021-01-03 15:25:30.597,consumer,Email,WI,5ff1e1eacfcf6c399c274ae6
12,True,2021-01-03 15:24:04.800,2021-01-03 15:25:37.858,consumer,Email,WI,5ff1e194b6a9d73a3a9f1052
13,True,2021-01-03 15:25:30.554,2021-01-03 15:25:30.597,consumer,Email,WI,5ff1e1eacfcf6c399c274ae6
14,True,2021-01-03 15:24:04.800,2021-01-03 15:25:37.858,consumer,Email,WI,5ff1e194b6a9d73a3a9f1052
15,True,2021-01-03 15:24:04.800,2021-01-03 15:25:37.858,consumer,Email,WI,5ff1e194b6a9d73a3a9f1052
16,True,2021-01-03 15:25:24.656,2021-01-03 15:25:24.694,consumer,Email,WI,5ff1e1e4cfcf6c399c274ac3
17,True,2021-01-03 15:24:36.410,2021-01-03 15:24:36.452,consumer,Email,WI,5ff1e1b4cfcf6c399c274a54
18,True,2021-01-03 15:25:30.554,2021-01-03 15:25:30.597,consumer,Email,WI,5ff1e1eacfcf6c399c274ae6
19,True,2021-01-03 15:24:04.800,2021-01-03 15:25:37.858,consumer,Email,WI,5ff1e194b6a9d73a3a9f1052
20,True,2021-01-04 19:47:17.776,2021-01-04 19:50:50.563,consumer,Email,WI,5ff370c562fde912123a5e0e
21,True,2021-01-04 19:31:15.973,2021-01-04 19:34:42.944,consumer,Email,WI,5ff36d0362fde912123a5535
22,True,2021-01-04 19:33:23.244,2021-01-04 19:33:23.425,consumer,Email,WI,5ff36d83135e7011bcb864d6
23,True,2021-01-04 19:29:12.943,2021-01-04 19:29:13.141,consumer,Email,WI,5ff36c8862fde912123a538a
24,True,2021-01-04 19:47:17.776,2021-01-04 19:50:50.563,consumer,Email,WI,5ff370c562fde912123a5e0e
25,True,2021-01-04 19:26:31.239,2021-01-04 19:29:52.726,consumer,Email,WI,5ff36be7135e7011bcb856d3
26,True,2021-01-04 19:31:15.973,2021-01-04 19:34:42.944,consumer,Email,WI,5ff36d0362fde912123a5535
27,True,2021-01-04 19:26:31.239,2021-01-04 19:29:52.726,consumer,Email,WI,5ff36be7135e7011bcb856d3
28,True,2021-01-04 19:19:20.352,2021-01-04 19:23:05.340,consumer,Email,WI,5ff36a3862fde912123a4460
29,True,2021-01-04 19:31:15.973,2021-01-04 19:34:42.944,consumer,Email,WI,5ff36d0362fde912123a5535
30,True,2021-01-04 19:29:18.994,2021-01-04 19:29:19.173,consumer,Email,WI,5ff36c8e135e7011bcb85da4
31,True,2021-01-04 19:19:20.352,2021-01-04 19:23:05.340,consumer,Email,WI,5ff36a3862fde912123a4460
32,True,2021-01-04 19:47:17.776,2021-01-04 19:50:50.563,consumer,Email,WI,5ff370c562fde912123a5e0e
33,True,2021-01-04 19:19:20.352,2021-01-04 19:23:05.340,consumer,Email,WI,5ff36a3862fde912123a4460
34,True,2021-01-04 19:19:20.352,2021-01-04 19:23:05.340,consumer,Email,WI,5ff36a3862fde912123a4460
35,True,2021-01-04 19:47:17.776,2021-01-04 19:50:50.563,consumer,Email,WI,5ff370c562fde912123a5e0e
36,True,2021-01-04 19:19:20.352,2021-01-04 19:23:05.340,consumer,Email,WI,5ff36a3862fde912123a4460
37,True,2021-01-04 19:47:17.776,2021-01-04 19:50:50.563,consumer,Email,WI,5ff370c562fde912123a5e0e
38,True,2021-01-04 19:48:46.807,2021-01-04 19:48:46.997,consumer,Email,WI,5ff3711e62fde912123a620e
39,True,2021-01-04 19:26:31.239,2021-01-04 19:29:52.726,consumer,Email,WI,5ff36be7135e7011bcb856d3
40,True,2021-01-05 20:38:11.229,2021-01-05 20:39:55.131,consumer,Email,WI,5ff4ce33c3d63511e2a484b6
41,True,2021-01-05 14:12:55.669,2021-01-05 14:12:55.877,consumer,Email,WI,5ff473e7c1e2d0121a9b2697
42,True,2021-01-05 14:11:30.233,2021-01-05 14:15:33.550,consumer,Email,WI,5ff47392c3d63511e2a47881
43,True,2021-01-05 14:11:30.233,2021-01-05 14:15:33.550,consumer,Email,WI,5ff47392c3d63511e2a47881
44,True,2021-01-05 20:38:11.229,2021-01-05 20:39:55.131,consumer,Email,WI,5ff4ce33c3d63511e2a484b6
45,True,2021-01-05 20:39:45.282,2021-01-05 20:39:45.329,consumer,Email,WI,5ff4ce91c1e2d0121a9b3057
46,True,2021-01-05 14:11:30.233,2021-01-05 14:15:33.550,consumer,Email,WI,5ff47392c3d63511e2a47881
47,True,2021-01-05 20:38:21.887,2021-01-05 20:38:21.938,consumer,Email,WI,5ff4ce3dc3d63511e2a484dc
48,True,2021-01-05 20:38:11.229,2021-01-05 20:39:55.131,consumer,Email,WI,5ff4ce33c3d63511e2a484b6
49,True,2021-01-05 20:38:21.887,2021-01-05 20:38:21.938,consumer,Email,WI,5ff4ce3dc3d63511e2a484dc
50,True,2021-01-05 20:38:11.229,2021-01-05 20:39:55.131,consumer,Email,WI,5ff4ce33c3d63511e2a484b6
51,True,2021-01-05 14:11:30.233,2021-01-05 14:15:33.550,consumer,Email,WI,5ff47392c3d63511e2a47881
52,True,2021-01-05 20:38:21.887,2021-01-05 20:38:21.938,consumer,Email,WI,5ff4ce3dc3d63511e2a484dc
53,True,2021-01-05 20:38:21.887,2021-01-05 20:38:21.938,consumer,Email,WI,5ff4ce3dc3d63511e2a484dc
54,True,2021-01-05 20:38:11.229,2021-01-05 20:39:55.131,consumer,Email,WI,5ff4ce33c3d63511e2a484b6
55,True,2021-01-05 20:38:12.503,2021-01-05 20:38:12.565,consumer,Email,WI,5ff4ce34c3d63511e2a484ba
56,True,2021-01-05 20:38:11.229,2021-01-05 20:39:55.131,consumer,Email,WI,5ff4ce33c3d63511e2a484b6
57,True,2021-01-05 20:38:11.229,2021-01-05 20:39:55.131,consumer,Email,WI,5ff4ce33c3d63511e2a484b6
58,True,2021-01-05 20:38:18.446,2021-01-05 20:38:18.495,consumer,Email,WI,5ff4ce3ac1e2d0121a9b2fb3
59,True,2021-01-05 14:11:30.233,2021-01-05 14:15:33.550,consumer,Email,WI,5ff47392c3d63511e2a47881
60,True,2021-01-06 15:03:54.680,2021-01-06 15:08:10.009,consumer,Email,WI,5ff5d15aeb7c7d12096d91a2
61,True,2021-01-06 15:03:54.680,2021-01-06 15:08:10.009,consumer,Email,WI,5ff5d15aeb7c7d12096d91a2
62,True,2021-01-06 15:03:54.680,2021-01-06 15:08:10.009,consumer,Email,WI,5ff5d15aeb7c7d12096d91a2
63,True,2021-01-06 15:03:54.680,2021-01-06 15:08:10.009,consumer,Email,WI,5ff5d15aeb7c7d12096d91a2
64,True,2021-01-06 15:03:54.680,2021-01-06 15:08:10.009,consumer,Email,WI,5ff5d15aeb7c7d12096d91a2
65,True,2021-01-06 15:03:54.680,2021-01-06 15:08:10.009,consumer,Email,WI,5ff5d15aeb7c7d12096d91a2
66,True,2021-01-06 15:05:07.667,2021-01-06 15:05:07.878,consumer,Email,WI,5ff5d1a38f142f11dd1886ba
67,True,2021-01-06 15:03:54.680,2021-01-06 15:08:10.009,consumer,Email,WI,5ff5d15aeb7c7d12096d91a2
68,True,2021-01-06 15:03:54.680,2021-01-06 15:08:10.009,consumer,Email,WI,5ff5d15aeb7c7d12096d91a2
69,True,2021-01-06 15:03:54.680,2021-01-06 15:08:10.009,consumer,Email,WI,5ff5d15aeb7c7d12096d91a2
70,True,2021-01-06 15:03:54.680,2021-01-06 15:08:10.009,consumer,Email,WI,5ff5d15aeb7c7d12096d91a2
71,True,2021-01-06 15:03:54.680,2021-01-06 15:08:10.009,consumer,Email,WI,5ff5d15aeb7c7d12096d91a2
72,True,2021-01-06 15:03:54.680,2021-01-06 15:08:10.009,consumer,Email,WI,5ff5d15aeb7c7d12096d91a2
73,True,2021-01-06 15:03:54.680,2021-01-06 15:08:10.009,consumer,Email,WI,5ff5d15aeb7c7d12096d91a2
74,True,2021-01-06 15:03:54.680,2021-01-06 15:08:10.009,consumer,Email,WI,5ff5d15aeb7c7d12096d91a2
75,True,2021-01-06 15:03:54.680,2021-01-06 15:08:10.009,consumer,Email,WI,5ff5d15aeb7c7d12096d91a2
76,True,2021-01-06 15:05:52.484,2021-01-06 15:05:52.717,consumer,Email,WI,5ff5d1d08f142f11dd18884c
77,True,2021-01-06 15:03:54.680,2021-01-06 15:08:10.009,consumer,Email,WI,5ff5d15aeb7c7d12096d91a2
78,True,2021-01-06 15:03:54.680,2021-01-06 15:08:10.009,consumer,Email,WI,5ff5d15aeb7c7d12096d91a2
79,True,2021-01-06 15:03:54.680,2021-01-06 15:08:10.009,consumer,Email,WI,5ff5d15aeb7c7d12096d91a2
80,True,2021-01-07 15:18:38.596,2021-01-07 15:20:26.821,consumer,Email,WI,5ff7264e8f142f11dd189504
81,True,2021-01-07 17:08:44.072,2021-01-07 17:08:44.352,consumer,Email,WI,5ff7401ceb7c7d31ca8a46e0
82,True,2021-01-07 16:50:50.206,2021-01-07 16:50:50.255,consumer,Email,WI,5ff73bea8f142f3276c3e84a
83,True,2021-01-07 18:13:17.921,2021-01-07 18:17:03.217,consumer,Email,WI,5ff74f3db3348b11c93361d1
84,True,2021-01-07 15:18:38.596,2021-01-07 15:20:26.821,consumer,Email,WI,5ff7264e8f142f11dd189504
85,True,2021-01-07 16:49:20.959,2021-01-07 16:51:07.267,consumer,Email,WI,5ff73b90eb7c7d31ca8a452b
86,True,2021-01-07 23:02:39.759,2021-01-07 23:09:54.656,consumer,Email,WI,5ff7930fb3348b11c93372a6
87,True,2021-01-07 15:19:42.584,2021-01-07 15:19:42.630,consumer,Email,WI,5ff7268eeb7c7d12096da2a9
88,True,2021-01-07 15:19:42.584,2021-01-07 15:19:42.630,consumer,Email,WI,5ff7268eeb7c7d12096da2a9
89,True,2021-01-07 15:18:38.596,2021-01-07 15:20:26.821,consumer,Email,WI,5ff7264e8f142f11dd189504
90,True,2021-01-07 23:02:39.759,2021-01-07 23:09:54.656,consumer,Email,WI,5ff7930fb3348b11c93372a6
91,True,2021-01-07 15:20:00.299,2021-01-07 15:20:00.353,consumer,Email,WI,5ff726a0eb7c7d12096da2db
92,True,2021-01-07 23:06:05.503,2021-01-07 23:06:05.681,consumer,Email,WI,5ff793dd04929111f6e90c69
93,True,2021-01-07 23:09:18.699,2021-01-07 23:09:18.840,consumer,Email,WI,5ff7949eb3348b11c93373d2
94,True,2021-01-07 15:19:40.196,2021-01-07 15:19:40.243,consumer,Email,WI,5ff7268c8f142f11dd189579
95,True,2021-01-07 16:49:20.959,2021-01-07 16:51:07.267,consumer,Email,WI,5ff73b90eb7c7d31ca8a452b
96,True,2021-01-07 15:18:38.596,2021-01-07 15:20:26.821,consumer,Email,WI,5ff7264e8f142f11dd189504
97,True,2021-01-06 19:59:34.996,,consumer,Email,KY,5ff616a68f142f11dd189163
98,True,2021-01-07 23:02:39.759,2021-01-07 23:09:54.656,consumer,Email,WI,5ff7930fb3348b11c93372a6
99,True,2021-01-07 23:08:20.153,2021-01-07 23:08:20.301,consumer,Email,WI,5ff79464b3348b11c933738b
100,True,2021-01-08 20:36:17.626,2021-01-08 20:36:17.831,consumer,Email,WI,5ff8c241b3348b11c93379fc
101,True,2021-01-08 21:28:37.743,2021-01-08 21:29:59.411,consumer,Email,WI,5ff8ce8504929111f6e913cb
102,True,2021-01-08 21:28:37.743,2021-01-08 21:29:59.411,consumer,Email,WI,5ff8ce8504929111f6e913cb
103,True,2021-01-08 15:01:37.348,2021-01-08 15:03:21.259,consumer,Email,WI,5ff873d1b3348b11c9337716
104,True,2021-01-08 15:02:07.604,2021-01-08 15:02:07.655,consumer,Email,WI,5ff873ef04929111f6e910f0
105,True,2021-01-08 20:47:36.724,2021-01-08 20:47:37.088,consumer,Email,WI,5ff8c4e8b3348b11c9337a11
106,True,2021-01-08 15:01:37.348,2021-01-08 15:03:21.259,consumer,Email,WI,5ff873d1b3348b11c9337716
107,True,2021-01-08 22:18:16.844,2021-01-08 22:19:49.939,consumer,Email,WI,5ff8da28b3348b11c9337ac6
108,True,2021-01-08 22:19:41.689,2021-01-08 22:19:41.738,consumer,Email,WI,5ff8da7db3348b11c9337b6a
109,True,2021-01-08 15:01:49.160,2021-01-08 15:01:49.202,consumer,Email,WI,5ff873ddb3348b11c9337733
110,True,2021-01-08 18:14:53.734,2021-01-08 18:14:53.928,consumer,Email,WI,5ff8a11db3348b11c93378aa
111,True,2021-01-08 15:01:37.348,2021-01-08 15:03:21.259,consumer,Email,WI,5ff873d1b3348b11c9337716
112,True,2021-01-08 15:01:37.348,2021-01-08 15:03:21.259,consumer,Email,WI,5ff873d1b3348b11c9337716
113,True,2021-01-08 15:01:37.348,2021-01-08 15:03:21.259,consumer,Email,WI,5ff873d1b3348b11c9337716
114,True,2021-01-08 21:28:37.743,2021-01-08 21:29:59.411,consumer,Email,WI,5ff8ce8504929111f6e913cb
115,True,2021-01-08 22:01:24.238,2021-01-08 22:01:24.518,consumer,Email,WI,5ff8d634b3348b11c9337aa4
116,True,2021-01-08 22:18:16.844,2021-01-08 22:19:49.939,consumer,Email,WI,5ff8da28b3348b11c9337ac6
117,True,2021-01-08 20:40:16.722,2021-01-08 20:40:16.933,consumer,Email,WI,5ff8c330b3348b11c9337a04
118,True,2021-01-08 15:01:49.160,2021-01-08 15:01:49.202,consumer,Email,WI,5ff873ddb3348b11c9337733
119,True,2021-01-08 22:19:42.704,2021-01-08 22:19:42.749,consumer,Email,WI,5ff8da7eb3348b11c9337b72
120,True,2021-01-11 20:26:37.225,2021-01-11 20:28:21.430,consumer,Email,WI,5ffcb47d04929111f6e9256c
121,True,2021-01-11 17:50:49.527,2021-01-11 17:50:49.567,consumer,Email,WI,5ffc8ff9b3348b11c9338896
122,True,2021-01-11 17:49:11.890,2021-01-11 17:50:56.750,consumer,Email,WI,5ffc8f9704929111f6e922bf
123,True,2021-01-11 17:50:57.375,2021-01-11 17:50:57.415,consumer,Email,WI,5ffc9001b3348b11c93388b6
124,True,2021-01-11 17:50:49.527,2021-01-11 17:50:49.567,consumer,Email,WI,5ffc8ff9b3348b11c9338896
125,True,2021-01-11 17:49:11.890,2021-01-11 17:50:56.750,consumer,Email,WI,5ffc8f9704929111f6e922bf
126,True,2021-01-11 17:49:11.890,2021-01-11 17:50:56.750,consumer,Email,WI,5ffc8f9704929111f6e922bf
127,True,2021-01-11 17:50:49.527,2021-01-11 17:50:49.567,consumer,Email,WI,5ffc8ff9b3348b11c9338896
128,True,2021-01-11 17:50:49.527,2021-01-11 17:50:49.567,consumer,Email,WI,5ffc8ff9b3348b11c9338896
129,True,2021-01-11 20:27:40.225,2021-01-11 20:27:40.265,consumer,Email,WI,5ffcb4bc04929111f6e92608
130,True,2021-01-11 18:48:39.076,2021-01-11 18:50:13.461,consumer,Email,WI,5ffc9d87b3348b11c9338920
131,True,2021-01-11 17:49:11.890,2021-01-11 17:50:56.750,consumer,Email,WI,5ffc8f9704929111f6e922bf
132,True,2021-01-11 18:48:39.076,2021-01-11 18:50:13.461,consumer,Email,WI,5ffc9d87b3348b11c9338920
133,True,2021-01-11 20:26:37.225,2021-01-11 20:28:21.430,consumer,Email,WI,5ffcb47d04929111f6e9256c
134,True,2021-01-11 18:48:39.076,2021-01-11 18:50:13.461,consumer,Email,WI,5ffc9d87b3348b11c9338920
135,True,2021-01-11 17:49:11.890,2021-01-11 17:50:56.750,consumer,Email,WI,5ffc8f9704929111f6e922bf
136,True,2021-01-11 20:27:40.225,2021-01-11 20:27:40.265,consumer,Email,WI,5ffcb4bc04929111f6e92608
137,True,2021-01-11 17:49:11.890,2021-01-11 17:50:56.750,consumer,Email,WI,5ffc8f9704929111f6e922bf
138,True,2021-01-11 18:49:03.920,2021-01-11 18:49:03.965,consumer,Email,WI,5ffc9d9f04929111f6e92456
139,True,2021-01-11 19:12:06.515,2021-01-11 19:12:06.791,consumer,Email,WI,5ffca30604929111f6e92525
140,True,2021-01-13 15:19:52.446,2021-01-13 15:19:52.678,consumer,Email,WI,5fff0f9804929101d0ab0697
141,True,2021-01-13 15:18:39.070,2021-01-13 15:22:02.153,consumer,Email,WI,5fff0f4fb3348b03eb45abb0
142,True,2021-01-13 19:37:18.415,2021-01-13 19:41:12.676,consumer,Email,WI,5fff4beedf9ace121f0c17ea
143,True,2021-01-12 21:15:00.208,,consumer,Email,AL,5ffe115404929101d0aaebb2
144,True,2021-01-13 20:19:38.721,2021-01-13 20:23:26.975,consumer,Email,WI,5fff55dabd4dff11dda8f5f1
145,True,2021-01-13 15:18:39.070,2021-01-13 15:22:02.153,consumer,Email,WI,5fff0f4fb3348b03eb45abb0
146,True,2021-01-13 20:19:38.721,2021-01-13 20:23:26.975,consumer,Email,WI,5fff55dabd4dff11dda8f5f1
147,True,2021-01-13 19:37:18.415,2021-01-13 19:41:12.676,consumer,Email,WI,5fff4beedf9ace121f0c17ea
148,True,2021-01-12 21:15:00.208,,consumer,Email,AL,5ffe115404929101d0aaebb2
149,True,2021-01-13 16:58:34.027,2021-01-13 16:58:34.075,consumer,Email,WI,5fff26bab3348b03eb45bb22
150,True,2021-01-13 20:19:38.721,2021-01-13 20:23:26.975,consumer,Email,WI,5fff55dabd4dff11dda8f5f1
151,True,2021-01-13 15:18:39.070,2021-01-13 15:22:02.153,consumer,Email,WI,5fff0f4fb3348b03eb45abb0
152,True,2021-01-13 20:19:38.721,2021-01-13 20:23:26.975,consumer,Email,WI,5fff55dabd4dff11dda8f5f1
153,True,2021-01-13 20:19:38.721,2021-01-13 20:23:26.975,consumer,Email,WI,5fff55dabd4dff11dda8f5f1
154,True,2021-01-13 19:39:32.913,2021-01-13 19:39:33.163,consumer,Email,WI,5fff4c7461ffa811fdb0854c
155,True,2021-01-13 16:58:39.411,2021-01-13 16:58:39.463,consumer,Email,WI,5fff26bfb3348b03eb45bb32
156,True,2021-01-13 20:19:38.721,2021-01-13 20:23:26.975,consumer,Email,WI,5fff55dabd4dff11dda8f5f1
157,True,2021-01-13 15:18:39.070,2021-01-13 15:22:02.153,consumer,Email,WI,5fff0f4fb3348b03eb45abb0
158,True,2021-01-13 16:59:30.518,2021-01-13 16:59:30.567,consumer,Email,WI,5fff26f2b3348b03eb45bbb9
159,True,2021-01-13 20:19:38.721,2021-01-13 20:23:26.975,consumer,Email,WI,5fff55dabd4dff11dda8f5f1
160,True,2021-01-14 23:33:14.861,2021-01-14 23:33:14.903,consumer,Email,WI,6000d4bae2571211db395b9f
161,True,2021-01-14 14:35:15.207,2021-01-14 14:37:10.767,consumer,Email,WI,600056a3f7e5b011fce897b0
162,True,2021-01-14 14:35:15.207,2021-01-14 14:37:10.767,consumer,Email,WI,600056a3f7e5b011fce897b0
163,True,2021-01-14 14:35:15.207,2021-01-14 14:37:10.767,consumer,Email,WI,600056a3f7e5b011fce897b0
164,True,2021-01-14 23:31:56.665,2021-01-14 23:33:52.701,consumer,Email,WI,6000d46cfb296c121a81b20c
165,True,2021-01-14 21:29:18.188,2021-01-14 21:33:22.666,consumer,Email,WI,6000b7aefb296c121a8198b1
166,True,2021-01-14 14:36:57.988,2021-01-14 14:36:58.051,consumer,Email,WI,60005709bd4dff11dda90ac1
167,True,2021-01-14 21:29:18.188,2021-01-14 21:33:22.666,consumer,Email,WI,6000b7aefb296c121a8198b1
168,True,2021-01-14 14:35:15.207,2021-01-14 14:37:10.767,consumer,Email,WI,600056a3f7e5b011fce897b0
169,True,2021-01-14 21:29:18.188,2021-01-14 21:33:22.666,consumer,Email,WI,6000b7aefb296c121a8198b1
170,True,2020-01-21 19:35:09.795,,consumer,Google,WI,5e27526d0bdb6a138c32b556
171,True,2021-01-14 14:35:15.207,2021-01-14 14:37:10.767,consumer,Email,WI,600056a3f7e5b011fce897b0
172,True,2021-01-14 23:31:56.665,2021-01-14 23:33:52.701,consumer,Email,WI,6000d46cfb296c121a81b20c
173,True,2021-01-14 23:32:59.197,2021-01-14 23:32:59.248,consumer,Email,WI,6000d4abe2571211db395b5c
174,True,2021-01-14 14:36:06.157,2021-01-14 14:36:06.208,consumer,Email,WI,600056d6bd4dff11dda90a3f
175,True,2021-01-14 14:36:52.368,2021-01-14 14:36:52.418,consumer,Email,WI,60005704bd4dff11dda90a9d
176,True,2021-01-14 14:35:15.207,2021-01-14 14:37:10.767,consumer,Email,WI,600056a3f7e5b011fce897b0
177,True,2021-01-14 14:35:15.207,2021-01-14 14:37:10.767,consumer,Email,WI,600056a3f7e5b011fce897b0
178,True,2021-01-14 14:35:15.207,2021-01-14 14:37:10.767,consumer,Email,WI,600056a3f7e5b011fce897b0
179,True,2021-01-14 14:36:57.988,2021-01-14 14:36:58.051,consumer,Email,WI,60005709bd4dff11dda90ac1
180,True,2021-01-16 01:54:36.571,,consumer,Email,WI,6002475cfb296c121a81b98d
181,True,2021-01-16 02:27:49.345,,consumer,Email,WI,60024f24e257124ec6b99a13
182,True,2021-01-16 23:13:45.574,,consumer,Email,WI,60037329e257124ec6b99eeb
183,True,2021-01-14 21:27:55.938,,consumer,Email,AL,6000b75bbe5fc96dfee1d4d3
184,True,2021-01-16 02:48:58.736,,consumer,Email,WI,6002541ae257124ec6b99a3a
185,True,2021-01-14 21:27:55.938,,consumer,Email,AL,6000b75bbe5fc96dfee1d4d3
186,True,2021-01-16 03:09:14.959,,consumer,Email,WI,600258dafb296c4ef805d9b7
187,True,2021-01-16 03:24:21.980,,consumer,Email,WI,60025c65fb296c4ef805d9e6
188,True,2021-01-16 23:00:21.504,,consumer,Email,WI,60037005e257124ec6b99ec2
189,True,2021-01-16 03:24:21.980,,consumer,Email,WI,60025c65fb296c4ef805d9e6
190,True,2021-01-14 21:27:55.938,,consumer,Email,AL,6000b75bbe5fc96dfee1d4d3
191,True,2021-01-14 21:27:55.938,,consumer,Email,AL,6000b75bbe5fc96dfee1d4d3
192,True,2021-01-16 03:24:21.980,,consumer,Email,WI,60025c65fb296c4ef805d9e6
193,True,2021-01-14 21:27:55.938,,consumer,Email,AL,6000b75bbe5fc96dfee1d4d3
194,True,2021-01-14 21:27:55.938,,consumer,Email,AL,6000b75bbe5fc96dfee1d4d3
195,True,2021-01-16 01:14:13.653,,consumer,Email,CO,60023de5fb296c121a81b955
196,True,2021-01-16 02:48:58.736,,consumer,Email,WI,6002541ae257124ec6b99a3a
197,True,2021-01-17 20:23:56.994,,consumer,Email,WI,60049cdce257124ec6b9a353
198,True,2021-01-16 03:39:13.154,,consumer,Email,WI,60025fe0e257124ec6b99a87
199,True,2021-01-17 20:06:29.321,,consumer,Email,WI,600498c4e257124ec6b9a331
200,True,2021-01-17 21:02:11.432,,consumer,Email,WI,6004a5d3fb296c4ef805e256
201,True,2021-01-16 23:45:25.319,,consumer,Email,WI,60037a94fb296c4ef805ddbe
202,True,2021-01-17 19:53:39.356,,consumer,Email,WI,600495c3fb296c4ef805e1fc
203,True,2021-01-17 21:17:25.327,,consumer,Email,WI,6004a965e257124ec6b9a39f
204,True,2021-01-19 20:51:23.347,2021-01-19 20:55:08.492,consumer,Email,WI,6007464b6e64691717e8c1f0
205,True,2021-01-19 20:51:23.347,2021-01-19 20:55:08.492,consumer,Email,WI,6007464b6e64691717e8c1f0
206,True,2021-01-19 20:32:17.000,2021-01-19 20:39:03.299,consumer,Email,WI,600741d06e6469120a787853
207,True,2021-01-19 20:59:05.175,2021-01-19 21:02:42.824,consumer,Email,WI,600748196e64691717e8d4f0
208,True,2021-01-19 20:54:21.274,2021-01-19 20:54:21.487,consumer,Email,WI,600746fd6e64691717e8cfb5
209,True,2021-01-19 21:12:41.649,2021-01-19 21:16:09.332,consumer,Email,WI,60074b49325c8a1794623876
210,True,2021-01-19 21:12:41.649,2021-01-19 21:16:09.332,consumer,Email,WI,60074b49325c8a1794623876
211,True,2021-01-19 21:14:01.809,2021-01-19 21:14:02.010,consumer,Email,WI,60074b996e64691717e8f11a
212,True,2021-01-19 20:59:05.175,2021-01-19 21:02:42.824,consumer,Email,WI,600748196e64691717e8d4f0
213,True,2021-01-19 20:32:17.000,2021-01-19 20:39:03.299,consumer,Email,WI,600741d06e6469120a787853
214,True,2021-01-19 20:32:17.000,2021-01-19 20:39:03.299,consumer,Email,WI,600741d06e6469120a787853
215,True,2021-01-19 20:32:17.000,2021-01-19 20:39:03.299,consumer,Email,WI,600741d06e6469120a787853
216,True,2021-01-19 20:32:17.000,2021-01-19 20:39:03.299,consumer,Email,WI,600741d06e6469120a787853
217,True,2021-01-19 20:59:05.175,2021-01-19 21:02:42.824,consumer,Email,WI,600748196e64691717e8d4f0
218,True,2021-01-19 20:32:17.000,2021-01-19 20:39:03.299,consumer,Email,WI,600741d06e6469120a787853
219,True,2021-01-19 20:51:23.347,2021-01-19 20:55:08.492,consumer,Email,WI,6007464b6e64691717e8c1f0
220,True,2021-01-19 20:59:05.175,2021-01-19 21:02:42.824,consumer,Email,WI,600748196e64691717e8d4f0
221,True,2021-01-19 20:34:15.284,2021-01-19 20:34:15.511,consumer,Email,WI,60074246325c8a12289e22a0
222,True,2021-01-19 21:00:51.464,2021-01-19 21:00:51.660,consumer,Email,WI,60074883325c8a1794622a12
223,True,2021-01-19 15:15:18.644,,consumer,Email,AL,6006f786fb296c7f688530f8
224,True,2021-01-20 20:06:45.740,2021-01-20 20:07:54.542,consumer,Email,WI,60088d55633aab121bb8e41a
225,True,2021-01-20 19:49:15.040,2021-01-20 19:50:33.205,consumer,Email,WI,6008893b633aab121bb8e0a9
226,True,2021-01-20 19:49:15.040,2021-01-20 19:50:33.205,consumer,Email,WI,6008893b633aab121bb8e0a9
227,True,2021-01-20 14:11:42.022,2021-01-20 14:15:04.611,consumer,Email,WI,60083a1e325c8a17946255de
228,True,2021-01-20 19:50:04.439,,consumer,Email,WI,6008896c633aab121bb8e11d
229,True,2021-01-20 17:36:09.747,2021-01-20 17:36:10.045,consumer,Email,WI,60086a09b6310511daa4e1e9
230,True,2021-01-20 20:06:45.740,2021-01-20 20:07:54.542,consumer,Email,WI,60088d55633aab121bb8e41a
231,True,2021-01-20 20:11:09.989,2021-01-20 20:11:10.035,consumer,Email,WI,60088e5d633aab121bb8e5cf
232,True,2021-01-20 16:33:01.152,2021-01-20 16:36:54.993,consumer,Email,WI,60085b3dbe5fc90ee6a67b11
233,True,2021-01-20 20:10:44.695,2021-01-20 20:11:55.932,consumer,Email,WI,60088e44b6310511daa4ef80
234,True,2021-01-20 19:49:15.040,2021-01-20 19:50:33.205,consumer,Email,WI,6008893b633aab121bb8e0a9
235,True,2021-01-20 19:49:15.040,2021-01-20 19:50:33.205,consumer,Email,WI,6008893b633aab121bb8e0a9
236,True,2021-01-20 20:07:32.034,2021-01-20 20:07:32.079,consumer,Email,WI,60088d84633aab121bb8e4a6
237,True,2021-01-20 19:40:46.148,2021-01-20 19:42:58.793,consumer,Email,WI,6008873eb6310511daa4e8eb
238,True,2021-01-20 17:33:44.062,2021-01-20 17:37:31.189,consumer,Email,WI,60086978633aab121bb8c895
239,True,2021-01-20 19:53:09.274,2021-01-20 19:54:22.851,consumer,Email,WI,60088a25b6310511daa4ec42
240,False,2021-01-20 17:02:38.662,2021-01-20 17:02:38.931,consumer,Email,WI,6008622ebe5fc9247bab4eb9
241,True,2021-01-20 19:49:15.040,2021-01-20 19:50:33.205,consumer,Email,WI,6008893b633aab121bb8e0a9
242,True,2021-01-20 19:50:18.469,2021-01-20 19:50:18.526,consumer,Email,WI,6008897ab6310511daa4ebdc
243,True,2021-01-20 19:53:42.902,2021-01-20 19:53:42.948,consumer,Email,WI,60088a46b6310511daa4ec97
244,True,2021-01-21 13:55:35.327,2021-01-21 13:59:21.063,consumer,Email,WI,600987d77d983a11f63cfa92
245,True,2021-01-21 13:55:35.327,2021-01-21 13:59:21.063,consumer,Email,WI,600987d77d983a11f63cfa92
246,True,2021-01-21 13:55:35.327,2021-01-21 13:59:21.063,consumer,Email,WI,600987d77d983a11f63cfa92
247,True,2021-01-21 03:08:31.692,,consumer,Email,IL,6008f02fb6310511daa4f314
248,True,2021-01-21 13:57:41.269,2021-01-21 13:57:41.485,consumer,Email,WI,600988557d983a11f63d08ef
249,True,2021-01-21 13:57:48.490,2021-01-21 13:57:48.698,consumer,Email,WI,6009885c50b33111fd61eee9
250,True,2021-01-21 13:55:35.327,2021-01-21 13:59:21.063,consumer,Email,WI,600987d77d983a11f63cfa92
251,True,2021-01-21 20:37:25.244,,consumer,Email,WI,6009e60450b3311194385009
252,True,2021-01-21 20:37:25.244,,consumer,Email,WI,6009e60450b3311194385009
253,True,2021-01-21 01:09:27.425,,consumer,Email,WI,6008d447b6310511daa4f281
254,True,2021-01-21 20:37:25.244,,consumer,Email,WI,6009e60450b3311194385009
255,True,2021-01-21 13:55:35.327,2021-01-21 13:59:21.063,consumer,Email,WI,600987d77d983a11f63cfa92
256,True,2021-01-21 15:21:56.507,,consumer,Email,WI,60099c1450b33111fd61f702
257,True,2021-01-21 13:55:35.327,2021-01-21 13:59:21.063,consumer,Email,WI,600987d77d983a11f63cfa92
258,True,2021-01-21 02:41:17.264,,consumer,Email,IL,6008e9cdb6310511daa4f2e4
259,True,2021-01-21 13:55:35.327,2021-01-21 13:59:21.063,consumer,Email,WI,600987d77d983a11f63cfa92
260,True,2021-01-21 22:44:49.842,,consumer,Email,WI,600a03e17d983a124e9adb0f
261,True,2021-01-21 13:55:35.327,2021-01-21 13:59:21.063,consumer,Email,WI,600987d77d983a11f63cfa92
262,True,2021-01-21 13:55:35.327,2021-01-21 13:59:21.063,consumer,Email,WI,600987d77d983a11f63cfa92
263,True,2021-01-21 14:42:25.107,,consumer,Email,WI,600992d17d983a11f63d11ad
264,True,2021-01-22 21:45:34.904,,consumer,Email,WI,600b477e7d983a124e9ae061
265,True,2021-01-25 17:31:59.409,2021-01-25 17:35:51.918,consumer,Email,WI,600f008f4329897eac237bd8
266,True,2021-01-25 17:31:59.409,2021-01-25 17:35:51.918,consumer,Email,WI,600f008f4329897eac237bd8
267,True,2021-01-25 17:31:59.409,2021-01-25 17:35:51.918,consumer,Email,WI,600f008f4329897eac237bd8
268,True,2021-01-25 14:24:01.806,2021-01-25 14:24:02.036,consumer,Email,WI,600ed4815edb7811cde6b50b
269,True,2021-01-25 17:31:59.409,2021-01-25 17:35:51.918,consumer,Email,WI,600f008f4329897eac237bd8
270,True,2021-01-25 22:09:55.031,2021-01-25 22:16:29.531,consumer,Email,WI,600f41b2bd196811e68ea219
271,True,2021-01-25 19:49:21.843,,consumer,Email,WI,600f20c15edb787dce060911
272,True,2021-01-25 22:36:32.551,2021-01-25 22:40:13.981,consumer,Email,WI,600f47f06fd0dc1768a34a12
273,True,2021-01-25 14:22:39.286,2021-01-25 14:29:24.970,consumer,Email,WI,600ed42e43298911ce45d1fa
274,True,2021-01-25 14:22:39.286,2021-01-25 14:29:24.970,consumer,Email,WI,600ed42e43298911ce45d1fa
275,True,2021-01-25 22:09:55.031,2021-01-25 22:16:29.531,consumer,Email,WI,600f41b2bd196811e68ea219
276,True,2021-01-25 14:22:39.286,2021-01-25 14:29:24.970,consumer,Email,WI,600ed42e43298911ce45d1fa
277,True,2021-01-25 17:31:59.409,2021-01-25 17:35:51.918,consumer,Email,WI,600f008f4329897eac237bd8
278,True,2021-01-25 17:31:59.409,2021-01-25 17:35:51.918,consumer,Email,WI,600f008f4329897eac237bd8
279,True,2021-01-25 15:57:07.029,,consumer,Email,WI,600eea525edb7811cde6c81c
280,True,2021-01-25 17:31:59.409,2021-01-25 17:35:51.918,consumer,Email,WI,600f008f4329897eac237bd8
281,True,2021-01-25 14:24:10.969,2021-01-25 14:24:11.193,consumer,Email,WI,600ed48a5edb7811cde6b549
282,True,2021-01-25 22:36:32.551,2021-01-25 22:40:13.981,consumer,Email,WI,600f47f06fd0dc1768a34a12
283,True,2021-01-25 22:36:32.551,2021-01-25 22:40:13.981,consumer,Email,WI,600f47f06fd0dc1768a34a12
284,True,2021-01-25 14:22:39.286,2021-01-25 14:29:24.970,consumer,Email,WI,600ed42e43298911ce45d1fa
285,True,2021-01-26 06:07:40.879,2021-01-26 06:11:23.950,consumer,Email,WI,600fb1ac73c60b12049027bb
286,True,2021-01-26 06:07:40.879,2021-01-26 06:11:23.950,consumer,Email,WI,600fb1ac73c60b12049027bb
287,True,2021-01-26 06:07:40.879,2021-01-26 06:11:23.950,consumer,Email,WI,600fb1ac73c60b12049027bb
288,True,2021-01-26 06:07:40.879,2021-01-26 06:11:23.950,consumer,Email,WI,600fb1ac73c60b12049027bb
289,True,2021-01-26 06:07:40.879,2021-01-26 06:11:23.950,consumer,Email,WI,600fb1ac73c60b12049027bb
290,True,2021-01-26 06:08:44.058,2021-01-26 06:08:44.267,consumer,Email,WI,600fb1ec73c60b1204902af4
291,True,2021-01-26 06:07:40.879,2021-01-26 06:11:23.950,consumer,Email,WI,600fb1ac73c60b12049027bb
292,True,2021-01-26 06:07:40.879,2021-01-26 06:11:23.950,consumer,Email,WI,600fb1ac73c60b12049027bb
293,True,2021-01-26 06:07:40.879,2021-01-26 06:11:23.950,consumer,Email,WI,600fb1ac73c60b12049027bb
294,True,2021-01-26 06:07:40.879,2021-01-26 06:11:23.950,consumer,Email,WI,600fb1ac73c60b12049027bb
295,True,2021-01-26 06:07:40.879,2021-01-26 06:11:23.950,consumer,Email,WI,600fb1ac73c60b12049027bb
296,True,2021-01-26 06:07:40.879,2021-01-26 06:11:23.950,consumer,Email,WI,600fb1ac73c60b12049027bb
297,True,2021-01-26 06:08:36.799,2021-01-26 06:08:37.094,consumer,Email,WI,600fb1e4a4b74c120bd18777
298,True,2021-01-26 06:07:40.879,2021-01-26 06:11:23.950,consumer,Email,WI,600fb1ac73c60b12049027bb
299,True,2021-01-26 06:07:40.879,2021-01-26 06:11:23.950,consumer,Email,WI,600fb1ac73c60b12049027bb
300,True,2021-01-26 06:07:40.879,2021-01-26 06:11:23.950,consumer,Email,WI,600fb1ac73c60b12049027bb
301,True,2021-01-26 06:07:40.879,2021-01-26 06:11:23.950,consumer,Email,WI,600fb1ac73c60b12049027bb
302,True,2021-01-26 06:07:40.879,2021-01-26 06:11:23.950,consumer,Email,WI,600fb1ac73c60b12049027bb
303,True,2021-01-27 23:11:45.991,2021-01-27 23:11:46.040,consumer,Email,WI,6011f33173c60b1804ce1102
304,True,2021-01-27 23:16:11.933,2021-01-27 23:16:12.023,consumer,Email,WI,6011f43ba4b74c18d3a8ca01
305,True,2021-01-27 23:11:26.702,2021-01-27 23:16:11.198,consumer,Email,WI,6011f31ea4b74c18d3a8c476
306,True,2021-01-27 23:11:26.702,2021-01-27 23:16:11.198,consumer,Email,WI,6011f31ea4b74c18d3a8c476
307,True,2021-01-27 23:11:26.702,2021-01-27 23:16:11.198,consumer,Email,WI,6011f31ea4b74c18d3a8c476
308,True,2021-01-27 23:15:51.961,2021-01-27 23:15:52.006,consumer,Email,WI,6011f42773c60b1804ce1607
309,True,2021-01-27 15:50:39.664,2021-01-27 15:52:41.503,consumer,Email,WI,60118bcfa4b74c18d3a8c0d7
310,True,2021-01-27 01:14:13.600,2021-01-27 01:14:13.644,consumer,Email,WI,6010be65a4b74c120bd19edc
311,True,2021-01-27 01:11:54.997,2021-01-27 01:14:25.032,consumer,Email,WI,6010bddaa4b74c120bd19dfb
312,True,2021-01-27 15:51:43.511,2021-01-27 15:51:43.566,consumer,Email,WI,60118c0fa4b74c18d3a8c151
313,True,2021-01-27 23:11:45.991,2021-01-27 23:11:46.040,consumer,Email,WI,6011f33173c60b1804ce1102
314,True,2021-01-27 01:11:54.997,2021-01-27 01:14:25.032,consumer,Email,WI,6010bddaa4b74c120bd19dfb
315,True,2021-01-27 23:11:45.991,2021-01-27 23:11:46.040,consumer,Email,WI,6011f33173c60b1804ce1102
316,True,2021-01-27 15:50:39.664,2021-01-27 15:52:41.503,consumer,Email,WI,60118bcfa4b74c18d3a8c0d7
317,True,2021-01-27 01:11:54.997,2021-01-27 01:14:25.032,consumer,Email,WI,6010bddaa4b74c120bd19dfb
318,True,2021-01-27 15:50:39.664,2021-01-27 15:52:41.503,consumer,Email,WI,60118bcfa4b74c18d3a8c0d7
319,True,2021-01-27 23:11:26.702,2021-01-27 23:16:11.198,consumer,Email,WI,6011f31ea4b74c18d3a8c476
320,True,2021-01-27 01:14:14.981,2021-01-27 01:14:15.028,consumer,Email,WI,6010be6673c60b12049040ef
321,True,2021-01-27 23:11:45.991,2021-01-27 23:11:46.040,consumer,Email,WI,6011f33173c60b1804ce1102
322,True,2021-01-27 01:14:09.100,2021-01-27 01:14:09.163,consumer,Email,WI,6010be6173c60b12049040d7
323,True,2021-01-28 21:21:15.898,2021-01-28 21:25:01.904,consumer,Email,WI,60132acb73c60b3ca7f3ba32
324,True,2021-01-28 21:21:15.898,2021-01-28 21:25:01.904,consumer,Email,WI,60132acb73c60b3ca7f3ba32
325,True,2021-01-25 17:33:04.549,,consumer,Email,WI,600f00d05edb787dce05fb84
326,True,2021-01-28 21:21:15.898,2021-01-28 21:25:01.904,consumer,Email,WI,60132acb73c60b3ca7f3ba32
327,True,2021-01-25 17:33:04.549,,consumer,Email,WI,600f00d05edb787dce05fb84
328,True,2021-01-28 21:24:21.761,2021-01-28 21:24:21.913,consumer,Email,WI,60132b85a4b74c3cbc516295
329,True,2021-01-28 21:24:27.222,2021-01-28 21:24:27.387,consumer,Email,WI,60132b8b73c60b3ca7f3baee
330,True,2021-01-25 19:18:41.390,,consumer,Email,WI,600f19914329897eac238fef
331,True,2021-01-29 18:35:51.391,2021-01-29 18:35:51.434,consumer,Email,WI,6014558767804a1228b20d00
332,True,2021-01-29 19:45:09.523,2021-01-29 19:45:09.567,consumer,Email,WI,601465c567804a1228b20f89
333,True,2021-01-29 18:55:56.507,2021-01-29 18:58:36.699,consumer,Email,WI,60145a3c84231211ce796c5d
334,True,2021-01-29 17:45:00.842,2021-01-29 18:00:01.464,consumer,Email,WI,6014499c67804a1228b1f5b0
335,True,2021-01-25 21:15:46.246,,consumer,Email,WI,600f35015edb782098e2ac1b
336,True,2021-01-29 20:28:49.403,2021-01-29 20:28:49.622,consumer,Email,WI,60147001c8b50e11d8453c36
337,True,2021-01-29 18:56:21.484,2021-01-29 18:56:21.542,consumer,Email,WI,60145a5584231211ce796cac
338,True,2021-01-29 18:35:51.391,2021-01-29 18:35:51.434,consumer,Email,WI,6014558767804a1228b20d00
339,True,2021-01-29 16:02:25.330,2021-01-29 16:05:28.918,consumer,Email,WI,6014319173c60b3ca7f3bf01
340,True,2021-01-29 18:35:48.060,2021-01-29 18:35:48.133,consumer,Email,WI,6014558467804a1228b20cf0
341,True,2021-01-29 17:39:39.324,2021-01-29 17:43:11.937,consumer,Email,WI,6014485b84231211ce793d79
342,True,2021-01-29 16:03:13.318,2021-01-29 16:03:13.362,consumer,Email,WI,601431c173c60b3ca7f3bf63
343,True,2021-01-29 19:44:40.680,2021-01-29 19:44:40.758,consumer,Email,WI,601465a884231211ce796db3
344,True,2021-01-29 19:20:19.722,,consumer,Email,,60145ff384231211ce796d51
345,True,2021-01-29 20:25:14.221,2021-01-29 20:29:08.512,consumer,Email,WI,60146f2ac8b50e11d8452661
346,True,2021-01-29 18:55:56.507,2021-01-29 18:58:36.699,consumer,Email,WI,60145a3c84231211ce796c5d
347,True,2021-01-29 19:44:14.197,2021-01-29 19:46:07.347,consumer,Email,WI,6014658e67804a1228b20ef4
348,True,2021-01-29 17:15:58.195,2021-01-29 17:18:54.023,consumer,Email,WI,601442ce67804a1228b1dc41
349,True,2021-01-29 19:44:37.376,2021-01-29 19:44:37.437,consumer,Email,WI,601465a584231211ce796da5
350,True,2021-01-29 19:20:19.722,,consumer,Email,,60145ff384231211ce796d51
351,True,2021-01-29 21:24:58.184,,consumer,Email,OH,60147d2ac8b50e11d8453f53
352,True,2021-01-29 21:24:58.184,,consumer,Email,OH,60147d2ac8b50e11d8453f53
353,True,2021-02-01 23:37:13.079,2021-02-01 23:37:13.126,consumer,Email,WI,601890a99a1b091205b61ced
354,True,2021-02-01 16:47:12.843,2021-02-01 16:48:32.031,consumer,Email,WI,60183090c8b50e11d84549c0
355,True,2021-02-01 16:47:12.843,2021-02-01 16:48:32.031,consumer,Email,WI,60183090c8b50e11d84549c0
356,True,2021-01-29 21:24:58.184,,consumer,Email,OH,60147d2ac8b50e11d8453f53
357,True,2021-02-01 16:41:46.573,2021-02-01 16:41:46.615,consumer,Email,WI,60182f4ac8b50e11d8454946
358,True,2021-02-01 16:33:49.873,2021-02-01 16:36:01.759,consumer,Email,WI,60182d6dc8b50e11d84547b2
359,True,2021-01-29 21:24:58.184,,consumer,Email,OH,60147d2ac8b50e11d8453f53
360,True,2021-02-01 17:37:27.795,2021-02-01 17:39:27.811,consumer,Email,WI,60183c579a1b091205b61a5f
361,True,2021-01-29 21:24:58.184,,consumer,Email,OH,60147d2ac8b50e11d8453f53
362,True,2021-02-02 00:28:04.020,2021-02-02 00:28:04.073,consumer,Email,WI,60189c94c8b50e11d8454f6b
363,True,2021-02-02 00:27:32.642,2021-02-02 00:29:09.977,consumer,Email,WI,60189c74c8b50e11d8454eff
364,True,2021-02-02 00:27:32.642,2021-02-02 00:29:09.977,consumer,Email,WI,60189c74c8b50e11d8454eff
365,True,2021-02-02 00:28:04.020,2021-02-02 00:28:04.073,consumer,Email,WI,60189c94c8b50e11d8454f6b
366,True,2021-02-02 00:27:32.642,2021-02-02 00:29:09.977,consumer,Email,WI,60189c74c8b50e11d8454eff
367,True,2021-02-02 00:27:32.642,2021-02-02 00:29:09.977,consumer,Email,WI,60189c74c8b50e11d8454eff
368,True,2021-02-02 00:27:52.817,2021-02-02 00:27:52.868,consumer,Email,WI,60189c88c8b50e11d8454f2f
369,True,2021-02-02 00:27:32.642,2021-02-02 00:29:09.977,consumer,Email,WI,60189c74c8b50e11d8454eff
370,True,2021-02-02 00:27:49.145,2021-02-02 00:27:49.193,consumer,Email,WI,60189c859a1b091205b61de1
371,True,2021-02-02 00:27:32.642,2021-02-02 00:29:09.977,consumer,Email,WI,60189c74c8b50e11d8454eff
372,True,2021-02-02 00:27:32.642,2021-02-02 00:29:09.977,consumer,Email,WI,60189c74c8b50e11d8454eff
373,True,2021-02-02 00:28:04.020,2021-02-02 00:28:04.073,consumer,Email,WI,60189c94c8b50e11d8454f6b
374,True,2021-02-02 00:28:04.020,2021-02-02 00:28:04.073,consumer,Email,WI,60189c94c8b50e11d8454f6b
375,True,2021-02-01 20:19:03.551,,consumer,Email,,60186237c8b50e11d8454d5f
376,True,2021-02-01 20:19:03.551,,consumer,Email,,60186237c8b50e11d8454d5f
377,True,2021-02-03 15:31:38.705,2021-02-03 15:31:38.909,consumer,Email,WI,601ac1da591789121574dc07
378,True,2021-02-01 20:19:03.551,,consumer,Email,,60186237c8b50e11d8454d5f
379,True,2021-02-01 17:46:20.468,,consumer,Email,SC,60183e6c9a1b091205b61b49
380,True,2021-02-03 15:30:29.397,2021-02-03 15:34:11.043,consumer,Email,WI,601ac195af4b1a1205f7560f
381,True,2021-02-01 20:19:03.551,,consumer,Email,,60186237c8b50e11d8454d5f
382,True,2021-02-01 20:19:03.551,,consumer,Email,,60186237c8b50e11d8454d5f
383,True,2021-02-04 21:35:03.045,2021-02-04 21:36:30.188,consumer,Email,WI,601c6887969c0b11f7d0c81f
384,True,2021-02-04 21:36:18.530,2021-02-04 21:36:18.572,consumer,Email,WI,601c68d229c30a1227ada484
385,True,2021-02-04 17:16:53.700,2021-02-04 17:20:30.228,consumer,Email,WI,601c2c05969c0b11f7d0b097
386,True,2021-02-04 17:18:34.447,2021-02-04 17:18:34.650,consumer,Email,WI,601c2c6a29c30a1227ad93bd
387,True,2021-02-04 17:16:53.700,2021-02-04 17:20:30.228,consumer,Email,WI,601c2c05969c0b11f7d0b097
388,True,2015-04-17 03:43:53.186,2018-05-07 17:23:40.003,consumer,,WI,55308179e4b0eabd8f99caa2
389,True,2021-02-08 18:15:03.714,,consumer,Email,WI,60217fa799409b11fcf899fe
390,True,2021-02-08 17:37:13.950,2021-02-08 17:37:13.989,consumer,Email,WI,602176c9b57b8a12187fe77e
391,True,2021-02-08 17:36:35.109,2021-02-08 17:36:35.150,consumer,Email,WI,602176a3b57b8a12187fe717
392,True,2021-02-09 14:17:41.257,2021-02-09 14:18:58.835,consumer,Email,WI,6022998599409b11fcf89c53
393,True,2021-02-09 14:17:52.581,2021-02-09 14:17:52.626,consumer,Email,WI,60229990b57b8a12187fe9e0
394,True,2021-02-09 14:17:52.581,2021-02-09 14:17:52.626,consumer,Email,WI,60229990b57b8a12187fe9e0
395,True,2017-09-19 14:07:54.302,2021-02-08 16:42:58.117,fetch-staff,,WI,59c124bae4b0299e55b0f330
396,True,2017-09-19 14:07:54.302,2021-02-08 16:42:58.117,fetch-staff,,WI,59c124bae4b0299e55b0f330
397,True,2017-09-19 14:07:54.302,2021-02-08 16:42:58.117,fetch-staff,,WI,59c124bae4b0299e55b0f330
398,True,2017-09-19 14:07:54.302,2021-02-08 16:42:58.117,fetch-staff,,WI,59c124bae4b0299e55b0f330
399,True,2017-09-19 14:07:54.302,2021-02-08 16:42:58.117,fetch-staff,,WI,59c124bae4b0299e55b0f330
400,True,2017-09-19 14:07:54.302,2021-02-08 16:42:58.117,fetch-staff,,WI,59c124bae4b0299e55b0f330
401,True,2017-09-19 14:07:54.302,2021-02-08 16:42:58.117,fetch-staff,,WI,59c124bae4b0299e55b0f330
402,True,2017-09-19 14:07:54.302,2021-02-08 16:42:58.117,fetch-staff,,WI,59c124bae4b0299e55b0f330
403,True,2017-09-19 14:07:54.302,2021-02-08 16:42:58.117,fetch-staff,,WI,59c124bae4b0299e55b0f330
404,True,2021-02-10 19:53:01.857,2021-02-10 19:53:02.079,consumer,Email,WI,6024399defa60112282c0ac9
405,True,2017-09-19 14:07:54.302,2021-02-08 16:42:58.117,fetch-staff,,WI,59c124bae4b0299e55b0f330
406,True,2017-09-19 14:07:54.302,2021-02-08 16:42:58.117,fetch-staff,,WI,59c124bae4b0299e55b0f330
407,True,2017-09-19 14:07:54.302,2021-02-08 16:42:58.117,fetch-staff,,WI,59c124bae4b0299e55b0f330
408,True,2020-07-28 18:04:00.905,2021-02-04 15:30:05.375,fetch-staff,Email,WI,5f2068904928021530f8fc34
409,True,2017-09-19 14:07:54.302,2021-02-08 16:42:58.117,fetch-staff,,WI,59c124bae4b0299e55b0f330
410,True,2017-09-19 14:07:54.302,2021-02-08 16:42:58.117,fetch-staff,,WI,59c124bae4b0299e55b0f330
411,True,2017-09-19 14:07:54.302,2021-02-08 16:42:58.117,fetch-staff,,WI,59c124bae4b0299e55b0f330
412,True,2017-09-19 14:07:54.302,2021-02-08 16:42:58.117,fetch-staff,,WI,59c124bae4b0299e55b0f330
413,True,2017-09-19 14:07:54.302,2021-02-08 16:42:58.117,fetch-staff,,WI,59c124bae4b0299e55b0f330
414,True,2017-09-19 14:07:54.302,2021-02-08 16:42:58.117,fetch-staff,,WI,59c124bae4b0299e55b0f330
415,True,2021-02-11 16:17:53.738,2021-02-11 16:17:53.798,consumer,Email,WI,602558b1efa60114d20e5dc7
416,True,2021-02-11 14:01:17.332,2021-02-11 14:01:17.388,consumer,Email,WI,602538adb54593795bf692ac
417,True,2021-02-11 16:17:07.502,2021-02-11 16:18:29.219,consumer,Email,WI,60255883efa60114d20e5d4e
418,True,2021-02-11 16:17:49.831,2021-02-11 16:17:49.893,consumer,Email,WI,602558adb5459313e1e9b7ce
419,True,2021-02-11 14:00:47.269,2021-02-11 14:00:47.332,consumer,Email,WI,6025388fb54593795bf69234
420,True,2020-11-15 03:28:56.818,,consumer,Google,AL,5fb0a078be5fc9775c1f3945
421,True,2021-02-12 14:11:06.240,2021-02-12 14:11:06.294,consumer,Email,WI,60268c7aefa6011bb1510786
422,True,2017-12-27 15:47:27.059,2021-02-12 16:22:37.155,consumer,,,5a43c08fe4b014fd6b6a0612
423,True,2017-12-27 15:47:27.059,2021-02-12 16:22:37.155,consumer,,,5a43c08fe4b014fd6b6a0612
424,True,2017-12-27 15:47:27.059,2021-02-12 16:22:37.155,consumer,,,5a43c08fe4b014fd6b6a0612
425,True,2017-12-27 15:47:27.059,2021-02-12 16:22:37.155,consumer,,,5a43c08fe4b014fd6b6a0612
426,True,2017-12-27 15:47:27.059,2021-02-12 16:22:37.155,consumer,,,5a43c08fe4b014fd6b6a0612
427,True,2021-02-12 14:10:49.408,2021-02-12 14:12:07.107,consumer,Email,WI,60268c69efa6011bb151075f
428,True,2017-12-27 15:47:27.059,2021-02-12 16:22:37.155,consumer,,,5a43c08fe4b014fd6b6a0612
429,True,2020-11-15 03:28:56.818,,consumer,Google,AL,5fb0a078be5fc9775c1f3945
430,True,2017-12-27 15:47:27.059,2021-02-12 16:22:37.155,consumer,,,5a43c08fe4b014fd6b6a0612
431,True,2017-12-27 15:47:27.059,2021-02-12 16:22:37.155,consumer,,,5a43c08fe4b014fd6b6a0612
432,True,2020-11-23 22:19:29.509,2021-02-26 04:25:51.057,fetch-staff,Email,,5fbc35711d967d1222cbfefc
433,True,2020-11-23 22:19:29.509,2021-02-26 04:25:51.057,fetch-staff,Email,,5fbc35711d967d1222cbfefc
434,True,2020-11-23 22:19:29.509,2021-02-26 04:25:51.057,fetch-staff,Email,,5fbc35711d967d1222cbfefc
435,True,2020-12-03 22:08:03.936,2021-02-26 22:39:16.799,fetch-staff,Email,NH,5fc961c3b8cfca11a077dd33
436,True,2020-12-03 22:08:03.936,2021-02-26 22:39:16.799,fetch-staff,Email,NH,5fc961c3b8cfca11a077dd33
437,True,2020-12-03 22:08:03.936,2021-02-26 22:39:16.799,fetch-staff,Email,NH,5fc961c3b8cfca11a077dd33
438,True,2020-12-03 22:08:03.936,2021-02-26 22:39:16.799,fetch-staff,Email,NH,5fc961c3b8cfca11a077dd33
439,True,2020-12-03 22:08:03.936,2021-02-26 22:39:16.799,fetch-staff,Email,NH,5fc961c3b8cfca11a077dd33
440,True,2020-12-03 22:08:03.936,2021-02-26 22:39:16.799,fetch-staff,Email,NH,5fc961c3b8cfca11a077dd33
441,True,2020-12-03 22:08:03.936,2021-02-26 22:39:16.799,fetch-staff,Email,NH,5fc961c3b8cfca11a077dd33
442,True,2020-12-03 22:08:03.936,2021-02-26 22:39:16.799,fetch-staff,Email,NH,5fc961c3b8cfca11a077dd33
443,True,2020-12-03 22:08:03.936,2021-02-26 22:39:16.799,fetch-staff,Email,NH,5fc961c3b8cfca11a077dd33
444,True,2020-12-03 22:08:03.936,2021-02-26 22:39:16.799,fetch-staff,Email,NH,5fc961c3b8cfca11a077dd33
445,True,2020-12-03 22:08:03.936,2021-02-26 22:39:16.799,fetch-staff,Email,NH,5fc961c3b8cfca11a077dd33
446,True,2020-12-03 22:08:03.936,2021-02-26 22:39:16.799,fetch-staff,Email,NH,5fc961c3b8cfca11a077dd33
447,True,2020-12-03 22:08:03.936,2021-02-26 22:39:16.799,fetch-staff,Email,NH,5fc961c3b8cfca11a077dd33
448,True,2020-12-03 22:08:03.936,2021-02-26 22:39:16.799,fetch-staff,Email,NH,5fc961c3b8cfca11a077dd33
449,True,2020-12-03 22:08:03.936,2021-02-26 22:39:16.799,fetch-staff,Email,NH,5fc961c3b8cfca11a077dd33
450,True,2020-12-03 22:08:03.936,2021-02-26 22:39:16.799,fetch-staff,Email,NH,5fc961c3b8cfca11a077dd33
451,True,2020-12-03 22:08:03.936,2021-02-26 22:39:16.799,fetch-staff,Email,NH,5fc961c3b8cfca11a077dd33
452,True,2020-12-03 22:08:03.936,2021-02-26 22:39:16.799,fetch-staff,Email,NH,5fc961c3b8cfca11a077dd33
453,True,2020-12-03 22:08:03.936,2021-02-26 22:39:16.799,fetch-staff,Email,NH,5fc961c3b8cfca11a077dd33
454,True,2020-12-03 22:08:03.936,2021-02-26 22:39:16.799,fetch-staff,Email,NH,5fc961c3b8cfca11a077dd33
455,True,2020-11-05 15:17:09.396,2021-03-04 16:02:02.026,fetch-staff,Email,,5fa41775898c7a11a6bcef3e
456,True,2020-11-04 22:29:33.309,2021-03-04 07:21:58.047,fetch-staff,Google,AL,5fa32b4d898c7a11a6bcebce
457,True,2020-11-05 15:17:09.396,2021-03-04 16:02:02.026,fetch-staff,Email,,5fa41775898c7a11a6bcef3e
458,True,2020-11-05 15:17:09.396,2021-03-04 16:02:02.026,fetch-staff,Email,,5fa41775898c7a11a6bcef3e
459,True,2020-11-05 15:17:09.396,2021-03-04 16:02:02.026,fetch-staff,Email,,5fa41775898c7a11a6bcef3e
460,True,2020-11-05 15:17:09.396,2021-03-04 16:02:02.026,fetch-staff,Email,,5fa41775898c7a11a6bcef3e
461,True,2020-11-05 15:17:09.396,2021-03-04 16:02:02.026,fetch-staff,Email,,5fa41775898c7a11a6bcef3e
462,True,2017-07-11 15:13:11.771,2021-03-04 19:07:49.770,fetch-staff,,IL,5964eb07e4b03efd0c0f267b
463,True,2020-11-05 15:17:09.396,2021-03-04 16:02:02.026,fetch-staff,Email,,5fa41775898c7a11a6bcef3e
464,True,2020-11-05 15:17:09.396,2021-03-04 16:02:02.026,fetch-staff,Email,,5fa41775898c7a11a6bcef3e
465,True,2020-11-05 15:17:09.396,2021-03-04 16:02:02.026,fetch-staff,Email,,5fa41775898c7a11a6bcef3e
466,True,2020-11-05 15:17:09.396,2021-03-04 16:02:02.026,fetch-staff,Email,,5fa41775898c7a11a6bcef3e
467,True,2020-11-05 15:17:09.396,2021-03-04 16:02:02.026,fetch-staff,Email,,5fa41775898c7a11a6bcef3e
468,True,2020-11-05 15:17:09.396,2021-03-04 16:02:02.026,fetch-staff,Email,,5fa41775898c7a11a6bcef3e
469,True,2020-11-05 15:17:09.396,2021-03-04 16:02:02.026,fetch-staff,Email,,5fa41775898c7a11a6bcef3e
470,True,2020-11-05 15:17:09.396,2021-03-04 16:02:02.026,fetch-staff,Email,,5fa41775898c7a11a6bcef3e
471,True,2020-11-05 15:17:09.396,2021-03-04 16:02:02.026,fetch-staff,Email,,5fa41775898c7a11a6bcef3e
472,True,2020-11-05 15:17:09.396,2021-03-04 16:02:02.026,fetch-staff,Email,,5fa41775898c7a11a6bcef3e
473,True,2020-11-05 15:17:09.396,2021-03-04 16:02:02.026,fetch-staff,Email,,5fa41775898c7a11a6bcef3e
474,True,2020-11-05 15:17:09.396,2021-03-04 16:02:02.026,fetch-staff,Email,,5fa41775898c7a11a6bcef3e
475,True,2014-12-19 14:21:22.381,2021-03-05 16:52:23.204,fetch-staff,,,54943462e4b07e684157a532
476,True,2014-12-19 14:21:22.381,2021-03-05 16:52:23.204,fetch-staff,,,54943462e4b07e684157a532
477,True,2014-12-19 14:21:22.381,2021-03-05 16:52:23.204,fetch-staff,,,54943462e4b07e684157a532
478,True,2014-12-19 14:21:22.381,2021-03-05 16:52:23.204,fetch-staff,,,54943462e4b07e684157a532
479,True,2014-12-19 14:21:22.381,2021-03-05 16:52:23.204,fetch-staff,,,54943462e4b07e684157a532
480,True,2014-12-19 14:21:22.381,2021-03-05 16:52:23.204,fetch-staff,,,54943462e4b07e684157a532
481,True,2014-12-19 14:21:22.381,2021-03-05 16:52:23.204,fetch-staff,,,54943462e4b07e684157a532
482,True,2014-12-19 14:21:22.381,2021-03-05 16:52:23.204,fetch-staff,,,54943462e4b07e684157a532
483,True,2014-12-19 14:21:22.381,2021-03-05 16:52:23.204,fetch-staff,,,54943462e4b07e684157a532
484,True,2014-12-19 14:21:22.381,2021-03-05 16:52:23.204,fetch-staff,,,54943462e4b07e684157a532
485,True,2014-12-19 14:21:22.381,2021-03-05 16:52:23.204,fetch-staff,,,54943462e4b07e684157a532
486,True,2014-12-19 14:21:22.381,2021-03-05 16:52:23.204,fetch-staff,,,54943462e4b07e684157a532
487,True,2014-12-19 14:21:22.381,2021-03-05 16:52:23.204,fetch-staff,,,54943462e4b07e684157a532
488,True,2014-12-19 14:21:22.381,2021-03-05 16:52:23.204,fetch-staff,,,54943462e4b07e684157a532
489,True,2014-12-19 14:21:22.381,2021-03-05 16:52:23.204,fetch-staff,,,54943462e4b07e684157a532
490,True,2014-12-19 14:21:22.381,2021-03-05 16:52:23.204,fetch-staff,,,54943462e4b07e684157a532
491,True,2014-12-19 14:21:22.381,2021-03-05 16:52:23.204,fetch-staff,,,54943462e4b07e684157a532
492,True,2014-12-19 14:21:22.381,2021-03-05 16:52:23.204,fetch-staff,,,54943462e4b07e684157a532
493,True,2014-12-19 14:21:22.381,2021-03-05 16:52:23.204,fetch-staff,,,54943462e4b07e684157a532
494,True,2014-12-19 14:21:22.381,2021-03-05 16:52:23.204,fetch-staff,,,54943462e4b07e684157a532
